<?xml version="1.0" encoding="UTF-8"?>

<openbox_menu xmlns="http://openbox.org/"
        xmlns:xsi="http://www.w3.org/2001/XMLSchema-instance"
        xsi:schemaLocation="http://openbox.org/
                file:///usr/share/openbox/menu.xsd">

<menu id="root-menu" label="Openbox 3">
  <item label="Terminal">
    <action name="Execute"><execute>x-terminal-emulator</execute></action>
  </item>
  <item label="Web Browser">
    <action name="Execute"><execute>x-www-browser</execute></action>
  </item>
  <!-- This requires the presence of the 'obamenu' package to work -->
  <menu id="/Debian" />
  <separator />
  <menu id="applications-menu" label="Applications" execute="/usr/bin/obamenu"/>
  <separator />
   
  <item label="Desktop background">
    <action name="Execute"><execute>nitrogen</execute></action>
  </item>
  
   <item label="screen brightness">
    <action name="Execute"><execute>/usr/share/brightness-controller/init.py</execute></action>
  </item>
  
  <item label="Refresh Desktop">
    <action name="Restart" />
  </item>
  <separator />
  <item label="Log Out">
    <action name="Exit" />
  </item>
</menu>

</openbox_menu>
